scenario,lib,throughput_mean,throughput_p50,latency_p50_ms,latency_p99_ms,latency_rme_pct,vs_baseline_pct,vs_brushy_pct,framework_rank,framework_gap_to_second_pct,framework_is_top1,framework_is_tied,throughput_cv_pct,samples,error
singleton_cold,brushy,2921759.78,3021146.28,0.000331,0.000560,5.3911,94.71,,1,93.66,1,0,33.46,4424421,
singleton_cold,awilix,179780.17,183217.30,0.005458,0.011618,7.6382,3110.59,-93.94,3,93.66,0,0,19.17,279870,
singleton_cold,inversify,104290.39,107584.72,0.009295,0.022464,94.5079,5367.64,-96.44,4,93.66,0,0,7.23,49323,
singleton_cold,baseline,5783736.37,5882348.43,0.000170,0.000241,4.7207,,94.71,,,0,0,35.56,9342854,
singleton_cold,tsyringe,1507770.31,1560062.42,0.000641,0.001202,4.4080,277.06,-48.36,2,93.66,0,0,22.66,2563173,
singleton_warm,brushy,5291540.76,5263156.52,0.000190,0.000271,0.0598,58.33,,1,32.11,1,0,29.20,15560764,
singleton_warm,awilix,3915991.34,3984066.67,0.000251,0.000340,5.5294,109.17,-24.30,2,32.11,0,0,35.28,8439058,
singleton_warm,inversify,3689868.37,3703704.25,0.000270,0.000341,4.7685,125.00,-29.63,3,32.11,0,0,35.76,6636523,
singleton_warm,baseline,8280354.71,8333334.55,0.000120,0.000150,0.0460,,58.33,,,0,0,3.99,24407254,
singleton_warm,tsyringe,3163998.12,3215433.67,0.000311,0.000441,2.0562,159.17,-38.91,4,32.11,0,0,25.65,8255261,
transient,brushy,3965555.41,3999999.34,0.000250,0.000380,2.6676,47.06,,1,20.00,1,0,31.04,8784401,
transient,awilix,3256996.75,3322259.54,0.000301,0.000421,2.0659,77.06,-16.94,3,20.00,0,0,43.23,8245453,
transient,inversify,3314302.60,3333332.53,0.000300,0.000421,2.2929,76.47,-16.67,2,20.00,0,0,34.94,8286969,
transient,baseline,5791420.75,5882348.43,0.000170,0.000300,3.4978,,47.06,,,0,0,34.75,10961767,
transient,tsyringe,2283887.53,2320185.50,0.000431,0.000571,3.2255,153.53,-42.00,4,20.00,0,0,30.44,4916805,
deep_graph,brushy,8004546.85,8264463.49,0.000121,0.000170,0.0532,0.83,,1,57.02,1,0,7.02,23521524,
deep_graph,awilix,5302427.37,5263156.52,0.000190,0.000240,2.3554,58.33,-36.32,2,57.02,0,0,7.92,12688470,
deep_graph,inversify,5072703.33,5000002.67,0.000200,0.000290,3.5809,66.67,-39.50,3,57.02,0,0,4.22,9667123,
deep_graph,baseline,8556298.24,8333334.55,0.000120,0.000181,2.6461,,0.83,,,0,0,8.60,18163147,
deep_graph,tsyringe,4325218.65,4347828.19,0.000230,0.000341,1.8494,91.67,-47.39,4,57.02,0,0,8.44,11082156,
wide_graph,brushy,7783153.96,7692304.23,0.000130,0.000160,0.0502,0.00,,1,46.15,1,0,7.40,22906376,
wide_graph,awilix,5138833.30,5235603.71,0.000191,0.000270,2.4037,46.92,-31.94,3,46.15,0,0,10.19,12211028,
wide_graph,inversify,5261157.94,5263156.52,0.000190,0.000261,4.1081,46.15,-31.58,2,46.15,0,0,6.53,9432291,
wide_graph,baseline,7620787.92,7692304.23,0.000130,0.000221,4.3620,,0.00,,,0,0,7.85,10787026,
wide_graph,tsyringe,4241607.46,4329006.27,0.000231,0.000351,2.7198,77.69,-43.72,4,46.15,0,0,5.06,10422458,
factory_deps,brushy,4956509.19,4999996.85,0.000200,0.000330,0.1379,5.26,,1,30.50,1,0,8.46,14569402,
factory_deps,awilix,3765353.10,3831417.50,0.000261,0.000361,2.5987,37.37,-23.37,2,30.50,0,0,9.05,8359903,
factory_deps,inversify,3601416.72,3571428.10,0.000280,0.000340,0.0467,47.37,-28.57,3,30.50,0,0,2.54,10634731,
factory_deps,baseline,5356367.10,5263162.97,0.000190,0.000271,0.0535,,5.26,,,0,0,7.79,15717380,
factory_deps,tsyringe,3060332.55,3115264.80,0.000321,0.000431,3.0228,68.95,-37.69,4,30.50,0,0,1.66,7198804,
register_batch,brushy,368629.54,373971.56,0.002674,0.004496,3.6406,-52.41,,1,66.68,1,0,1.79,641514,
register_batch,awilix,4897.76,5122.82,0.195205,6.347664,55.1820,3374.02,-98.63,4,66.68,0,0,0.73,6561,
register_batch,inversify,8626.76,8923.87,0.112059,4.819112,5.2455,1894.29,-97.61,3,66.68,0,0,3.41,14861,
register_batch,baseline,175916.78,177967.60,0.005619,0.007271,0.3236,,-52.41,,,0,0,2.38,521679,
register_batch,tsyringe,221254.57,224366.17,0.004457,0.006260,4.0571,-20.68,-40.00,2,66.68,0,0,2.11,379138,
request_scope,brushy,2454001.73,2499999.88,0.000400,0.000651,3.2891,,,1,633.50,1,0,2.66,4731966,
request_scope,awilix,326348.82,340831.63,0.002934,0.006801,30.9271,,-86.37,2,633.50,0,0,1.05,511097,